<beans xmlns="http://www.springframework.org/schema/beans"
	xmlns:xsi="http://www.w3.org/2001/XMLSchema-instance"
	xmlns:context="http://www.springframework.org/schema/context"
	xsi:schemaLocation="http://www.springframework.org/schema/beans
    http://www.springframework.org/schema/beans/spring-beans-3.0.xsd
    http://www.springframework.org/schema/context
    http://www.springframework.org/schema/context/spring-context-3.0.xsd">

	<bean id="student" class="com.ericsson.springcore.Student" autowire="byType"><!-- Employee employee=new Employee(); -->
		<property name="stuId" value="456"></property>
		<property name="stuName" value="suresh"></property>
		<property name="stuMarks" value="999"></property>
		<property name="stuGrade" value="B"></property>
	<!-- 	<property name="address" ref="add"></property> -->
	</bean>
	<bean id="add" class="com.ericsson.springcore.Address">
		<property name="hno" value="4"></property>
		<property name="colony" value="rbi colony"></property>
		<property name="city" value="hyderabad"></property>
		<property name="state" value="telangana"></property>
	</bean>
	

</beans>
<!-- <constructor-arg name="stuId" value="111"></constructor-arg> <constructor-arg 
			name="stuName" value="mahesh"></constructor-arg> <constructor-arg name="stuMarks" 
			value="298"></constructor-arg> <constructor-arg name="stuGrade" value="A"></constructor-arg> -->